{
"lengthUnit": "mil",
"components": {
	"fields": ["COMPONENT_NO", "COMPONENT_NAME", "LAYER", "X_COORDINATE", "Y_COORDINATE", "ANGLE"],
	"rows": [
		[1, "C1", "T", -179.97, -174.35, 0],
		[2, "C2", "T", -137.79, -267.72, 270],
		[3, "LED7", "T", 0, 267.72, 180],
		[4, "LED8", "T", 275.59, 0, 270],
		[5, "LED9", "T", 236.22, 244.09, 315],
		[6, "LED10", "T", -236.22, 236.22, 45],
		[7, "LED11", "T", -291.34, 0, 90],
		[8, "LED12", "T", -251.97, -236.22, 315],
		[9, "LED13", "T", 236.22, -236.22, 225],
		[10, "R1", "T", 153.54, -78.74, 270],
		[11, "R2", "T", -153.54, -78.74, 90],
		[12, "R3", "T", -153.54, 78.74, 90],
		[13, "R4", "T", 148.21, 88.97, 90],
		[14, "R5", "T", 119.17, -209.13, 90],
		[15, "R6", "T", 110.24, -295.27, 0],
		[16, "SW4", "B", 0, 196.85, 0],
		[17, "U1", "T", 0, 0, 180],
		[18, "U2", "B", 0, -118.11, 180],
		[19, "U3", "T", -3.15, -253.15, 90],
		[20, "PAD1", "T", -204.72, 169.29, 0],
		[21, "PAD1", "B", -204.72, 169.29, 0],
		[22, "PAD2", "T", -220.47, 102.36, 0],
		[23, "PAD2", "B", -220.47, 102.36, 0],
		[24, "PAD3", "T", -212.6, 31.5, 0],
		[25, "PAD3", "B", -212.6, 31.5, 0],
		[26, "PAD4", "T", 236.22, 125.98, 0],
		[27, "PAD4", "B", 236.22, 125.98, 0]
	]
},
"pins": {
	"fields": ["PIN_NO", "PIN_NAME", "PIN_X", "PIN_Y", "LAYER", "PIN_TYPE", "NET_NAME", "NET_TYPE", "PAD_SHAPE", "PAD_SIZEX", "PAD_SIZEY", "HOLE_SIZE", "PAD_ANGLE"],
	"rows": [
		[1, "C1_1", -201.43, -174.35, "T", "SMD", "$1N8849", "", "R", 31.11, 21.26, 0, 0],
		[2, "C1_2", -158.51, -174.35, "T", "SMD", "$1N10122", "", "R", 31.11, 21.26, 0, 0],
		[3, "C2_1", -137.79, -240.16, "T", "SMD", "$1N10416", "", "R", 31.5, 35.43, 0, 270],
		[4, "C2_2", -137.79, -295.28, "T", "SMD", "$1N10442", "", "R", 31.5, 35.43, 0, 270],
		[5, "LED7_1", 43.31, 267.71, "T", "SMD", "NET5", "", "R", 39.37, 49.21, 0, 0],
		[6, "LED7_2", -43.31, 267.71, "T", "SMD", "$1N9347", "", "R", 39.37, 49.21, 0, 0],
		[7, "LED8_1", 275.59, 43.31, "T", "SMD", "NET5", "", "R", 39.37, 49.21, 0, 90],
		[8, "LED8_2", 275.59, -43.31, "T", "SMD", "$1N9332", "", "R", 39.37, 49.21, 0, 90],
		[9, "LED9_1", 205.6, 274.72, "T", "SMD", "NET5", "", "R", 39.37, 49.21, 0, 135],
		[10, "LED9_2", 266.85, 213.47, "T", "SMD", "NET8", "", "R", 39.37, 49.21, 0, 135],
		[11, "LED10_1", -266.85, 205.6, "T", "SMD", "$1N9347", "", "R", 39.37, 49.21, 0, 225],
		[12, "LED10_2", -205.6, 266.85, "T", "SMD", "$1N9332", "", "R", 39.37, 49.21, 0, 225],
		[13, "LED11_1", -291.34, -43.31, "T", "SMD", "$1N9347", "", "R", 39.37, 49.21, 0, 270],
		[14, "LED11_2", -291.34, 43.31, "T", "SMD", "NET8", "", "R", 39.37, 49.21, 0, 270],
		[15, "LED12_1", -282.59, -205.59, "T", "SMD", "$1N9347", "", "R", 39.37, 49.21, 0, 135],
		[16, "LED12_2", -221.34, -266.84, "T", "SMD", "NET5", "", "R", 39.37, 49.21, 0, 135],
		[17, "LED13_1", 266.85, -205.6, "T", "SMD", "$1N9332", "", "R", 39.37, 49.21, 0, 45],
		[18, "LED13_2", 205.6, -266.85, "T", "SMD", "NET5", "", "R", 39.37, 49.21, 0, 45],
		[19, "R1_1", 153.54, -49.08, "T", "SMD", "NET3", "", "R", 31.75, 34.02, 0, 270],
		[20, "R1_2", 153.54, -108.4, "T", "SMD", "NET5", "", "R", 31.75, 34.02, 0, 270],
		[21, "R2_1", -153.54, -108.4, "T", "SMD", "NET6", "", "R", 31.75, 34.02, 0, 90],
		[22, "R2_2", -153.54, -49.08, "T", "SMD", "$1N9347", "", "R", 31.75, 34.02, 0, 90],
		[23, "R3_1", -153.54, 49.08, "T", "SMD", "NET7", "", "R", 31.75, 34.02, 0, 90],
		[24, "R3_2", -153.54, 108.4, "T", "SMD", "$1N9332", "", "R", 31.75, 34.02, 0, 90],
		[25, "R4_1", 148.21, 59.31, "T", "SMD", "NET1", "", "R", 31.75, 34.02, 0, 90],
		[26, "R4_2", 148.21, 118.63, "T", "SMD", "NET8", "", "R", 31.75, 34.02, 0, 90],
		[27, "R5_1", 119.17, -226.17, "T", "SMD", "$1N10122", "", "R", 22.27, 21.26, 0, 90],
		[28, "R5_2", 119.17, -192.09, "T", "SMD", "$1N10416", "", "R", 22.27, 21.26, 0, 90],
		[29, "R6_1", 93.2, -295.27, "T", "SMD", "$1N10275", "", "R", 22.27, 21.26, 0, 0],
		[30, "R6_2", 127.28, -295.27, "T", "SMD", "$1N10122", "", "R", 22.27, 21.26, 0, 0],
		[31, "SW4_1", -88.58, 129.92, "B", "SMD", "$1N10416", "", "R", 60, 23.62, 0, 270],
		[32, "SW4_2", 29.53, 129.92, "B", "SMD", "$1N7649", "", "R", 60, 23.62, 0, 270],
		[33, "SW4_3", 88.58, 129.92, "B", "SMD", "SW4_3", "", "R", 60, 23.62, 0, 270],
		[34, "SW4_4", 141.73, 173.23, "B", "SMD", "SW4_4", "", "R", 47.24, 27.56, 0, 180],
		[35, "SW4_4", 141.73, 263.78, "B", "SMD", "SW4_A_4", "", "R", 47.24, 27.56, 0, 180],
		[36, "SW4_4", -141.73, 263.78, "B", "SMD", "SW4_B_4", "", "R", 47.24, 27.56, 0, 180],
		[37, "SW4_4", -141.73, 173.23, "B", "SMD", "SW4_C_4", "", "R", 47.24, 27.56, 0, 180],
		[38, "U1_1", 75, 106.5, "T", "SMD", "NET9", "", "O", 22.38, 76.78, 0, 180],
		[39, "U1_2", 25, 106.5, "T", "SMD", "$1N10122", "", "O", 22.38, 76.78, 0, 180],
		[40, "U1_3", -25, 106.5, "T", "SMD", "NET1", "", "O", 22.38, 76.78, 0, 180],
		[41, "U1_4", -75, 106.5, "T", "SMD", "$1N10275", "", "O", 22.38, 76.78, 0, 180],
		[42, "U1_5", -75, -106.5, "T", "SMD", "NET7", "", "O", 22.38, 76.78, 0, 180],
		[43, "U1_6", -25, -106.5, "T", "SMD", "NET6", "", "O", 22.38, 76.78, 0, 180],
		[44, "U1_7", 25, -106.5, "T", "SMD", "NET3", "", "O", 22.38, 76.78, 0, 180],
		[45, "U1_8", 75, -106.5, "T", "SMD", "$1N10416", "", "O", 22.38, 76.78, 0, 180],
		[46, "U2_1", -253.94, -118.11, "B", "SMD", "$1N7649", "", "R", 137.79, 177.16, 0, 180],
		[47, "U2_1", 253.94, -118.11, "B", "SMD", "$1N7649", "", "R", 137.79, 177.16, 0, 180],
		[48, "U2_2", 0, -118.11, "B", "SMD", "$1N10275", "", "C", 236.22, 236.22, 0, 180],
		[49, "U3_1", -42.32, -273.82, "T", "SMD", "$1N8849", "", "R", 23.62, 23.62, 0, 90],
		[50, "U3_2", 36.02, -273.82, "T", "SMD", "$1N10275", "", "R", 23.62, 23.62, 0, 90],
		[51, "U3_3", 36.02, -232.48, "T", "SMD", "$1N10442", "", "R", 23.62, 23.62, 0, 90],
		[52, "U3_4", -42.32, -232.48, "T", "SMD", "$1N10416", "", "R", 23.62, 23.62, 0, 90],
		[53, "PAD1_1", -204.72, 169.29, "T", "DIP", "NET9", "", "C", 60, 60, 36, 0],
		[54, "PAD1_1", -204.72, 169.29, "B", "DIP", "NET9", "", "C", 60, 60, 36, 0],
		[55, "PAD2_1", -220.47, 102.36, "T", "DIP", "NET6", "", "C", 60, 60, 36, 0],
		[56, "PAD2_1", -220.47, 102.36, "B", "DIP", "NET6", "", "C", 60, 60, 36, 0],
		[57, "PAD3_1", -212.6, 31.5, "T", "DIP", "NET7", "", "C", 60, 60, 36, 0],
		[58, "PAD3_1", -212.6, 31.5, "B", "DIP", "NET7", "", "C", 60, 60, 36, 0],
		[59, "PAD4_1", 236.22, 125.98, "T", "DIP", "NET3", "", "C", 60, 60, 36, 0],
		[60, "PAD4_1", 236.22, 125.98, "B", "DIP", "NET3", "", "C", 60, 60, 36, 0]
	]
}
}